{"_type":"export","__export_format":4,"__export_date":"2025-05-07T09:24:47.696Z","__export_source":"insomnia.desktop.app:v10.3.1","resources":[{"_id":"req_fb7689a654314e73a68c3bb395c9523d","parentId":"fld_a73f37fb9596466aaeab1a090e8a8115","modified":1741698097107,"created":1741697759992,"url":"http://localhost:9999/api/books/:id/notes","name":"postUsersNotesById","description":"","method":"POST","body":{"mimeType":"application/json","text":"{\n  \"utilisateur_fk\": 1,\n  \"commentaire\": \"This book was very insightful and engaging!\",\n  \"note\": 5\n}\n"},"parameters":[],"headers":[{"name":"Content-Type","value":"application/json"},{"name":"User-Agent","value":"insomnia/10.3.1"}],"authentication":{},"metaSortKey":-1741697759992,"isPrivate":false,"pathParameters":[{"name":"id","value":""}],"settingStoreCookies":true,"settingSendCookies":true,"settingDisableRenderRequestBody":false,"settingEncodeUrl":true,"settingRebuildPath":true,"settingFollowRedirects":"global","_type":"request"},{"_id":"fld_a73f37fb9596466aaeab1a090e8a8115","parentId":"wrk_scratchpad","modified":1741697640385,"created":1741697633295,"name":"Notes_routes","description":"","environment":{},"environmentPropertyOrder":null,"metaSortKey":-1741697633295,"environmentType":"kv","_type":"request_group"},{"_id":"wrk_scratchpad","parentId":null,"modified":1741101222440,"created":1741101222440,"name":"Scratch Pad","description":"","scope":"collection","_type":"workspace"},{"_id":"req_b99cad6307b84957b73f14a15c4b2347","parentId":"fld_a73f37fb9596466aaeab1a090e8a8115","modified":1741697739870,"created":1741697643287,"url":"http://localhost:9999/api/books/:id/notes","name":"getNotesOfBookById","description":"","method":"GET","body":{},"parameters":[],"headers":[{"name":"User-Agent","value":"insomnia/10.3.1"}],"authentication":{},"metaSortKey":-1741697643287,"isPrivate":false,"pathParameters":[{"name":"id","value":""}],"settingStoreCookies":true,"settingSendCookies":true,"settingDisableRenderRequestBody":false,"settingEncodeUrl":true,"settingRebuildPath":true,"settingFollowRedirects":"global","_type":"request"},{"_id":"req_55330a30238d47bb8b25e3bc320ecdd6","parentId":"fld_14c8cd0de74943e19349e082026ba666","modified":1741765297958,"created":1741697551600,"url":"http://localhost:9999/api/users/1/comments","name":"postUsersCommentsById","description":"","method":"POST","body":{"mimeType":"application/json","text":"{\n  \"utilisateur_fk\": 1,\n  \"commentaire\": \"This user has been really helpful and insightful!\",\n  \"note\": 4\n}\n"},"parameters":[],"headers":[{"name":"Content-Type","value":"application/json"},{"name":"User-Agent","value":"insomnia/10.3.1"}],"authentication":{},"metaSortKey":-1741697551600,"isPrivate":false,"pathParameters":[],"settingStoreCookies":true,"settingSendCookies":true,"settingDisableRenderRequestBody":false,"settingEncodeUrl":true,"settingRebuildPath":true,"settingFollowRedirects":"global","_type":"request"},{"_id":"fld_14c8cd0de74943e19349e082026ba666","parentId":"wrk_scratchpad","modified":1741697394829,"created":1741697394829,"name":"comments_routes","description":"","environment":{},"environmentPropertyOrder":null,"metaSortKey":-1741697394829,"environmentType":"kv","_type":"request_group"},{"_id":"req_8355b4cfba3c4131a5ea59a15437fa54","parentId":"fld_14c8cd0de74943e19349e082026ba666","modified":1741765430831,"created":1741697403486,"url":"http://localhost:9999/api/books/1/comments","name":"getCommentOfBookById","description":"","method":"GET","body":{},"parameters":[],"headers":[{"name":"User-Agent","value":"insomnia/10.3.1"}],"authentication":{},"metaSortKey":-1741697407114,"isPrivate":false,"pathParameters":[],"settingStoreCookies":true,"settingSendCookies":true,"settingDisableRenderRequestBody":false,"settingEncodeUrl":true,"settingRebuildPath":true,"settingFollowRedirects":"global","_type":"request"},{"_id":"req_beb2a747a2ab4a95ae7d39bdcd430ca5","parentId":"wrk_scratchpad","modified":1741696670988,"created":1741696618274,"url":"http://localhost:9999/api/books","name":"New Request","description":"","method":"DELETE","body":{},"parameters":[],"headers":[{"name":"User-Agent","value":"insomnia/10.3.1"}],"authentication":{},"metaSortKey":-1741696618274,"isPrivate":false,"pathParameters":[],"settingStoreCookies":true,"settingSendCookies":true,"settingDisableRenderRequestBody":false,"settingEncodeUrl":true,"settingRebuildPath":true,"settingFollowRedirects":"global","_type":"request"},{"_id":"req_1404d43f186642febfccbe8e8e6e614d","parentId":"wrk_scratchpad","modified":1741696680614,"created":1741104637238,"url":"http://localhost:9999/api/books","name":"New Request","description":"","method":"GET","body":{},"parameters":[],"headers":[{"name":"User-Agent","value":"insomnia/10.3.1"}],"authentication":{},"metaSortKey":-1741104637238,"isPrivate":false,"pathParameters":[],"settingStoreCookies":true,"settingSendCookies":true,"settingDisableRenderRequestBody":false,"settingEncodeUrl":true,"settingRebuildPath":true,"settingFollowRedirects":"global","_type":"request"},{"_id":"req_a14e26cd55d44de7b2ffea8bb76e8924","parentId":"wrk_scratchpad","modified":1741696704179,"created":1741101262048,"url":"http://localhost:9999/api/books","name":"New Request","description":"","method":"POST","body":{"mimeType":"application/json","text":"{\n\"titre\": \"Dictionnaire de test\",\n\"annee_edition\" : 1944,\n\"nombre_de_page\": 350\n}\n"},"parameters":[],"headers":[{"name":"Content-Type","value":"application/json"},{"name":"User-Agent","value":"insomnia/10.3.1","id":"pair_f725ee5ec0cb4e5593b549e4e4ddefc2"},{"id":"pair_1a0127f99592467181d84542203e5ee5","name":"","value":"","description":"","disabled":false}],"authentication":{},"metaSortKey":-1741101262048,"isPrivate":false,"pathParameters":[],"settingStoreCookies":true,"settingSendCookies":true,"settingDisableRenderRequestBody":false,"settingEncodeUrl":true,"settingRebuildPath":true,"settingFollowRedirects":"global","_type":"request"},{"_id":"req_1b7b536c92b54b8ab23223be8158e820","parentId":"fld_d1db6c484e4f4f50b0b421d3866e5cd7","modified":1741765230886,"created":1710249832179,"url":"http://localhost:9999/api/authors/2","name":"getAuthorById","description":"","method":"GET","body":{},"parameters":[],"headers":[{"name":"User-Agent","value":"insomnia/8.6.1","id":"pair_82409703b4fb49baa991dc7c56d70634"},{"id":"pair_35e29d8b4108400a91f090e8b7510aee","name":"Authorization","value":"Bearer eyJhbGciOiJIUzI1NiIsInR5cCI6IkpXVCJ9.eyJ1c2VySWQiOjEsImlhdCI6MTcxMDIzMTA4NiwiZXhwIjoxNzQxNzg4Njg2fQ.0Sc_NWW__v6JzxBODCLHVjhXGRoh6wi5FU31gPN-8zc","description":""}],"authentication":{},"metaSortKey":-1710249832179,"isPrivate":false,"pathParameters":[],"settingStoreCookies":true,"settingSendCookies":true,"settingDisableRenderRequestBody":false,"settingEncodeUrl":true,"settingRebuildPath":true,"settingFollowRedirects":"global","_type":"request"},{"_id":"fld_d1db6c484e4f4f50b0b421d3866e5cd7","parentId":"wrk_scratchpad","modified":1710249759408,"created":1710249759408,"name":"author_routes","description":"","environment":{},"environmentPropertyOrder":null,"metaSortKey":-1710249759408,"_type":"request_group"},{"_id":"req_5222fec308644679894007a253cca82f","parentId":"fld_d1db6c484e4f4f50b0b421d3866e5cd7","modified":1741765210942,"created":1710249779065,"url":"http://localhost:9999/api/authors","name":"getAuthors","description":"","method":"GET","body":{"mimeType":"application/json","text":""},"parameters":[],"headers":[{"name":"Content-Type","value":"application/json"},{"name":"User-Agent","value":"insomnia/8.6.1","id":"pair_770e1f1cebef4149a3a018585d2da8ed"},{"id":"pair_fcfdda20b2814451be2575f151af4be2","name":"Authorization","value":"Bearer eyJhbGciOiJIUzI1NiIsInR5cCI6IkpXVCJ9.eyJ1c2VySWQiOjEsImlhdCI6MTcxMDIzMTA4NiwiZXhwIjoxNzQxNzg4Njg2fQ.0Sc_NWW__v6JzxBODCLHVjhXGRoh6wi5FU31gPN-8zc","description":""}],"authentication":{},"metaSortKey":-1710249779065,"isPrivate":false,"pathParameters":[],"settingStoreCookies":true,"settingSendCookies":true,"settingDisableRenderRequestBody":false,"settingEncodeUrl":true,"settingRebuildPath":true,"settingFollowRedirects":"global","_type":"request"},{"_id":"req_2d802b9a548841e5a6ccbfe4a5938e5f","parentId":"fld_033ec541d1bc4f0e8fc1df5527f25bdc","modified":1741773047024,"created":1741706460606,"url":"http://localhost:9999/api/users/1","name":"New Request","description":"","method":"DELETE","body":{},"parameters":[],"headers":[{"name":"User-Agent","value":"insomnia/10.3.1"}],"authentication":{},"metaSortKey":-1741706460606,"isPrivate":false,"pathParameters":[],"settingStoreCookies":true,"settingSendCookies":true,"settingDisableRenderRequestBody":false,"settingEncodeUrl":true,"settingRebuildPath":true,"settingFollowRedirects":"global","_type":"request"},{"_id":"fld_033ec541d1bc4f0e8fc1df5527f25bdc","parentId":"wrk_scratchpad","modified":1710249615270,"created":1710249615270,"name":"login_routers","description":"","environment":{},"environmentPropertyOrder":null,"metaSortKey":-1710249615270,"_type":"request_group"},{"_id":"req_3b908043ef8b4bd9b6a84c085e9d5a02","parentId":"fld_033ec541d1bc4f0e8fc1df5527f25bdc","modified":1741704812320,"created":1741702018845,"url":"http://localhost:9999/api/users/","name":"Get All Users","description":"","method":"GET","body":{},"parameters":[],"headers":[{"name":"User-Agent","value":"insomnia/10.3.1"}],"authentication":{},"metaSortKey":-1741702018845,"isPrivate":false,"pathParameters":[],"settingStoreCookies":true,"settingSendCookies":true,"settingDisableRenderRequestBody":false,"settingEncodeUrl":true,"settingRebuildPath":true,"settingFollowRedirects":"global","_type":"request"},{"_id":"req_095eca023bd14ef08a881754a6d962fb","parentId":"fld_033ec541d1bc4f0e8fc1df5527f25bdc","modified":1741704865923,"created":1741700132432,"url":"http://localhost:9999/api/users/","name":"Post New User","description":"","method":"POST","body":{"mimeType":"application/json","text":"{\n\t\"username\": \"Yosef2\",\n\t\"password\": \"figmaGuy69\"\n}"},"parameters":[],"headers":[{"name":"Content-Type","value":"application/json"},{"name":"User-Agent","value":"insomnia/10.3.1"}],"authentication":{},"metaSortKey":-1741700132432,"isPrivate":false,"pathParameters":[],"settingStoreCookies":true,"settingSendCookies":true,"settingDisableRenderRequestBody":false,"settingEncodeUrl":true,"settingRebuildPath":true,"settingFollowRedirects":"global","_type":"request"},{"_id":"req_3ea71c95d5ab4f41996022b72356b6cb","parentId":"fld_033ec541d1bc4f0e8fc1df5527f25bdc","modified":1741771147088,"created":1710231044902,"url":"http://localhost:9999/api/auth/login","name":"Login","description":"","method":"POST","body":{"mimeType":"application/json","text":"{\n\t\"username\": \"Yosef2\",\n\t\"password\": \"figmaGuy69\"\n}"},"parameters":[],"headers":[{"name":"Content-Type","value":"application/json"},{"name":"User-Agent","value":"insomnia/8.6.1"}],"authentication":{},"metaSortKey":-1710249619829,"isPrivate":false,"pathParameters":[],"settingStoreCookies":true,"settingSendCookies":true,"settingDisableRenderRequestBody":false,"settingEncodeUrl":true,"settingRebuildPath":true,"settingFollowRedirects":"global","_type":"request"},{"_id":"req_1edb474c04cc4032b770cfdfe37b7e40","parentId":"fld_2b5f76826bed4310892ec4e2df0db392","modified":1746609867942,"created":1746608980636,"url":"http://localhost:9999/api/books/4/user","name":"getBooksByUserId","description":"","method":"GET","body":{},"parameters":[],"headers":[{"name":"User-Agent","value":"insomnia/10.3.1"}],"authentication":{},"metaSortKey":-1746608980636,"isPrivate":false,"pathParameters":[],"settingStoreCookies":true,"settingSendCookies":true,"settingDisableRenderRequestBody":false,"settingEncodeUrl":true,"settingRebuildPath":true,"settingFollowRedirects":"global","_type":"request"},{"_id":"fld_2b5f76826bed4310892ec4e2df0db392","parentId":"wrk_scratchpad","modified":1710235985227,"created":1710235985227,"name":"book_routers","description":"","environment":{},"environmentPropertyOrder":null,"metaSortKey":-1710235985227,"_type":"request_group"},{"_id":"req_a150e423c92e4c508e964556d9abd6fa","parentId":"fld_2b5f76826bed4310892ec4e2df0db392","modified":1741765057171,"created":1710249973640,"url":"http://localhost:9999/api/authors/1/books","name":"getBooksByAuthor","description":"","method":"GET","body":{},"parameters":[],"headers":[{"name":"User-Agent","value":"insomnia/8.6.1"}],"authentication":{},"metaSortKey":-1710249973640,"isPrivate":false,"pathParameters":[],"settingStoreCookies":true,"settingSendCookies":true,"settingDisableRenderRequestBody":false,"settingEncodeUrl":true,"settingRebuildPath":true,"settingFollowRedirects":"global","_type":"request"},{"_id":"req_e27d5da407a7455cb30a94b6f26288f1","parentId":"fld_2b5f76826bed4310892ec4e2df0db392","modified":1741764818027,"created":1710233898839,"url":"http://localhost:9999/api/categories/1/books","name":"getBooksByCategory","description":"","method":"GET","body":{},"parameters":[],"headers":[{"name":"User-Agent","value":"insomnia/8.6.1","id":"pair_8fb5c4a3f3dd4c7385420b9308e31e93"},{"id":"pair_6581fb09664247e580203f57838f94e8","name":"Authorization","value":"Bearer eyJhbGciOiJIUzI1NiIsInR5cCI6IkpXVCJ9.eyJ1c2VySWQiOjEsImlhdCI6MTcxMDIzMTA4NiwiZXhwIjoxNzQxNzg4Njg2fQ.0Sc_NWW__v6JzxBODCLHVjhXGRoh6wi5FU31gPN-8zc","description":""}],"authentication":{},"metaSortKey":-1710245982633,"isPrivate":false,"pathParameters":[],"settingStoreCookies":true,"settingSendCookies":true,"settingDisableRenderRequestBody":false,"settingEncodeUrl":true,"settingRebuildPath":true,"settingFollowRedirects":"global","_type":"request"},{"_id":"req_45755833f9ed48a78658ded6ffbcc93c","parentId":"fld_2b5f76826bed4310892ec4e2df0db392","modified":1741700563308,"created":1710245982533,"url":"http://localhost:9999/api/books","name":"getBooks","description":"","method":"GET","body":{},"parameters":[],"headers":[{"name":"User-Agent","value":"insomnia/8.6.1","id":"pair_db27163a8d0a48f5aa00eea8f7ea94db"}],"authentication":{},"metaSortKey":-1710245982533,"isPrivate":false,"pathParameters":[],"settingStoreCookies":true,"settingSendCookies":true,"settingDisableRenderRequestBody":false,"settingEncodeUrl":true,"settingRebuildPath":true,"settingFollowRedirects":"global","_type":"request"},{"_id":"req_70330a2cf9ac4969a00848fa1e7fbdaa","parentId":"fld_2b5f76826bed4310892ec4e2df0db392","modified":1741700335530,"created":1710246408934,"url":"http://localhost:9999/api/books/1","name":"getBookById","description":"","method":"GET","body":{},"parameters":[],"headers":[{"name":"User-Agent","value":"insomnia/8.6.1","id":"pair_282b88af196b4c9f8fe951fdda4f0f90"}],"authentication":{},"metaSortKey":-1710243484262.75,"isPrivate":false,"pathParameters":[],"settingStoreCookies":true,"settingSendCookies":true,"settingDisableRenderRequestBody":false,"settingEncodeUrl":true,"settingRebuildPath":true,"settingFollowRedirects":"global","_type":"request"},{"_id":"req_c0ec25b81d6a45b68fe1f1944f85e784","parentId":"fld_2b5f76826bed4310892ec4e2df0db392","modified":1741700629395,"created":1710246720186,"url":"http://localhost:9999/api/books","name":"postBook","description":"","method":"POST","body":{"mimeType":"application/json","text":"{\n  \"livre_id\": 8,\n  \"titre\":\"Second Wing8\",\n  \"annee_edition\": 1988,\n  \"nombre_de_page\": 688\n}"},"parameters":[],"headers":[{"name":"Content-Type","value":"application/json"},{"name":"User-Agent","value":"insomnia/8.6.1","id":"pair_d26b99f8515d4f1dbe581e3e8c62b456"},{"id":"pair_be41b4a7c9af4f01996787550adf51d9","name":"Authorization","value":"Bearer eyJhbGciOiJIUzI1NiIsInR5cCI6IkpXVCJ9.eyJ1c2VySWQiOjEsImlhdCI6MTcxMDIzMTA4NiwiZXhwIjoxNzQxNzg4Njg2fQ.0Sc_NWW__v6JzxBODCLHVjhXGRoh6wi5FU31gPN-8zc","description":""}],"authentication":{},"metaSortKey":-1710238487722.25,"isPrivate":false,"pathParameters":[],"settingStoreCookies":true,"settingSendCookies":true,"settingDisableRenderRequestBody":false,"settingEncodeUrl":true,"settingRebuildPath":true,"settingFollowRedirects":"global","_type":"request"},{"_id":"req_40312b283b0147e3a28f4d0d7b806c58","parentId":"fld_2b5f76826bed4310892ec4e2df0db392","modified":1741702145324,"created":1710247701616,"url":"http://localhost:9999/api/books/4","name":"putBook","description":"","method":"PUT","body":{"mimeType":"application/json","text":"{\n  \"titre\":\"blalbal\",\n  \"annee_edition\": 1988,\n  \"nombre_de_page\": 888\n}"},"parameters":[],"headers":[{"name":"Content-Type","value":"application/json","id":"pair_90652a88530b45d89b1933e8bd7f66d5"},{"name":"User-Agent","value":"insomnia/8.6.1","id":"pair_c03b693f9a1c4456b303abbd951eb987"},{"id":"pair_4794908984ba476f9f7cf71ca2002411","name":"Authorization","value":"Bearer eyJhbGciOiJIUzI1NiIsInR5cCI6IkpXVCJ9.eyJ1c2VySWQiOjEsImlhdCI6MTcxMDIzMTA4NiwiZXhwIjoxNzQxNzg4Njg2fQ.0Sc_NWW__v6JzxBODCLHVjhXGRoh6wi5FU31gPN-8zc","description":""}],"authentication":{},"metaSortKey":-1710237238587.125,"isPrivate":false,"pathParameters":[],"settingStoreCookies":true,"settingSendCookies":true,"settingDisableRenderRequestBody":false,"settingEncodeUrl":true,"settingRebuildPath":true,"settingFollowRedirects":"global","_type":"request"},{"_id":"req_b8a9316a2a3b4f538d8108868d47d7b0","parentId":"fld_2b5f76826bed4310892ec4e2df0db392","modified":1741700660942,"created":1710235989452,"url":"http://localhost:9999/api/books/1","name":"deleteBook","description":"","method":"DELETE","body":{},"parameters":[],"headers":[{"name":"User-Agent","value":"insomnia/8.6.1","id":"pair_ae3e0fa0827e4ae1966e1218c968c6cd"},{"id":"pair_1fdf0d6f70d740febe91213b4e6a5ebd","name":"Authorization","value":"Bearer eyJhbGciOiJIUzI1NiIsInR5cCI6IkpXVCJ9.eyJ1c2VySWQiOjEsImlhdCI6MTcxMDIzMTA4NiwiZXhwIjoxNzQxNzg4Njg2fQ.0Sc_NWW__v6JzxBODCLHVjhXGRoh6wi5FU31gPN-8zc","description":""}],"authentication":{},"metaSortKey":-1710235989452,"isPrivate":false,"pathParameters":[],"settingStoreCookies":true,"settingSendCookies":true,"settingDisableRenderRequestBody":false,"settingEncodeUrl":true,"settingRebuildPath":true,"settingFollowRedirects":"global","_type":"request"},{"_id":"req_7bc9b5d7a1d647e4993ab22734c84c1b","parentId":"fld_a58a228b918f4f06bcdccf783fcf1b7d","modified":1746599087491,"created":1710234022045,"url":"http://localhost:9999/api/categories/","name":"getCategories","description":"","method":"GET","body":{},"parameters":[],"headers":[{"name":"User-Agent","value":"insomnia/8.6.1","id":"pair_8fb5c4a3f3dd4c7385420b9308e31e93"},{"id":"pair_6581fb09664247e580203f57838f94e8","name":"Authorization","value":"Bearer eyJhbGciOiJIUzI1NiIsInR5cCI6IkpXVCJ9.eyJ1c2VySWQiOjEsImlhdCI6MTcxMDIzMTA4NiwiZXhwIjoxNzQxNzg4Njg2fQ.0Sc_NWW__v6JzxBODCLHVjhXGRoh6wi5FU31gPN-8zc","description":""}],"authentication":{},"metaSortKey":-1710232471870.5,"isPrivate":false,"pathParameters":[],"settingStoreCookies":true,"settingSendCookies":true,"settingDisableRenderRequestBody":false,"settingEncodeUrl":true,"settingRebuildPath":true,"settingFollowRedirects":"global","_type":"request"},{"_id":"fld_a58a228b918f4f06bcdccf783fcf1b7d","parentId":"wrk_scratchpad","modified":1710233875203,"created":1710233875203,"name":"category_routers","description":"","environment":{},"environmentPropertyOrder":null,"metaSortKey":-1710233875203,"_type":"request_group"},{"_id":"req_81300338b0694f6a8e3fffd3613f4f4d","parentId":"fld_a58a228b918f4f06bcdccf783fcf1b7d","modified":1741765094681,"created":1710234045238,"url":"http://localhost:9999/api/categories/1","name":"getCategoryById","description":"","method":"GET","body":{},"parameters":[],"headers":[{"name":"User-Agent","value":"insomnia/8.6.1","id":"pair_8fb5c4a3f3dd4c7385420b9308e31e93"},{"id":"pair_6581fb09664247e580203f57838f94e8","name":"Authorization","value":"Bearer eyJhbGciOiJIUzI1NiIsInR5cCI6IkpXVCJ9.eyJ1c2VySWQiOjEsImlhdCI6MTcxMDIzMTA4NiwiZXhwIjoxNzQxNzg4Njg2fQ.0Sc_NWW__v6JzxBODCLHVjhXGRoh6wi5FU31gPN-8zc","description":""}],"authentication":{},"metaSortKey":-1710231758386.25,"isPrivate":false,"pathParameters":[],"settingStoreCookies":true,"settingSendCookies":true,"settingDisableRenderRequestBody":false,"settingEncodeUrl":true,"settingRebuildPath":true,"settingFollowRedirects":"global","_type":"request"},{"_id":"env_99d30891da4bdcebc63947a8fc17f076de878684","parentId":"wrk_scratchpad","modified":1741101229045,"created":1741101229045,"name":"Base Environment","data":{},"dataPropertyOrder":null,"color":null,"isPrivate":false,"metaSortKey":1741101229045,"environmentType":"kv","_type":"environment"},{"_id":"jar_99d30891da4bdcebc63947a8fc17f076de878684","parentId":"wrk_scratchpad","modified":1741101229137,"created":1741101229137,"name":"Default Jar","cookies":[],"_type":"cookie_jar"}]}